population,pop2024,pop2023,city,country,growthRate,type,rank,latitude,longitude
37115000,37115000,37194100,Tokyo,Japan,-0.0021,w,1,35.6768601,139.7638947
33807400,33807400,32941300,Delhi,India,0.0263,w,2,28.6273928,77.1716954
29867900,29867900,29210800,Shanghai,China,0.0225,w,3,31.2312707,121.4700152
23935700,23935700,23209600,Dhaka,Bangladesh,0.0313,w,4,23.7544529,90.393336
22806700,22806700,22619700,Sao Paulo,Brazil,0.0083,w,5,-23.5506507,-46.6333824
22623900,22623900,22183200,Cairo,Egypt,0.0199,w,6,30.0443879,31.2357257
22505300,22505300,22281400,Mexico City,Mexico,0.01,w,7,19.4326296,-99.1331785
22189100,22189100,21766200,Beijing,China,0.0194,w,8,40.190632,116.412144
21673100,21673100,21296500,Mumbai,India,0.0177,w,9,18.9733536,72.82810491917377
18967500,18967500,19013400,Osaka,Japan,-0.0024,w,10,34.6937569,135.5014539
17773900,17773900,17340700,Chongqing,China,0.025,w,11,30.05518,107.8748712
17648600,17648600,17236200,Karachi,Pakistan,0.0239,w,12,24.8546842,67.0207055
17032300,17032300,16315500,Kinshasa,DR Congo,0.0439,w,13,-4.3196982,15.3424196
16536000,16536000,15945900,Lagos,Nigeria,0.037,w,14,6.4550575,3.3941795
16047400,16047400,15847800,Istanbul,Turkey,0.0126,w,15,41.006381,28.9758715
15618300,15618300,15490400,Buenos Aires,Argentina,0.0083,w,16,-34.6083696,-58.4440583
15570800,15570800,15332800,Kolkata,India,0.0155,w,17,22.5726459,88.3638953
14942000,14942000,14667100,Manila,Philippines,0.0187,w,18,14.5904492,120.9803621
14590100,14590100,14284400,Guangzhou,China,0.0214,w,19,23.1301964,113.2592945
14470900,14470900,14238600,Tianjin,China,0.0163,w,20,39.1175488,117.1913008
14407100,14407100,13979400,Lahore,Pakistan,0.0306,w,21,31.5656822,74.3141829
14008300,14008300,13607800,Bangalore,India,0.0294,w,22,12.9767936,77.590082
13824300,13824300,13727700,Rio de Janeiro,Brazil,0.007,w,23,-22.9110137,-43.2093727
13311900,13311900,13072600,Shenzhen,China,0.0183,w,24,22.5445741,114.0545429
12712300,12712300,12680400,Moscow,Russia,0.0025,w,25,55.625578,37.6063916
12053700,12053700,11776100,Chennai,India,0.0236,w,26,13.0836939,80.270186
11658200,11658200,11508000,Bogota,Colombia,0.0131,w,27,4.6533816,-74.0836333
11436000,11436000,11248800,Jakarta,Indonesia,0.0166,w,28,-6.175247,106.8270488
11361900,11361900,11204400,Lima,Peru,0.0141,w,29,-12.0621065,-77.0365256
11276700,11276700,11208400,Paris,France,0.0061,w,30,48.8534951,2.3483915
11233900,11233900,11070000,Bangkok,Thailand,0.0148,w,31,13.7524938,100.4935089
11068900,11068900,10801200,Hyderabad,India,0.0248,w,32,17.360589,78.4740613
10004800,10004800,9988050,Seoul,South Korea,0.0017,w,33,37.5666791,126.9782914
9947550,9947550,9698460,Nanjing,China,0.0257,w,34,32.0438284,118.7788631
9828110,9828110,9653770,Chengdu,China,0.0181,w,35,30.6598628,104.0633717
9748030,9748030,9648110,London,United Kingdom,0.0104,w,36,51.5074456,-0.1277653
9651030,9651030,9292340,Luanda,Angola,0.0386,w,37,-8.8272699,13.2439512
9616010,9616010,9499780,Tehran,Iran,0.0122,w,38,35.6892523,51.3896004
9567660,9567660,9320870,Ho Chi Minh City,Vietnam,0.0265,w,39,10.7763897,106.7011391
9556880,9556880,9569330,Nagoya,Japan,-0.0013,w,40,35.1851045,136.8998438
9013840,9013840,8785170,Xi-an,China,0.026,w,41,34.261004,108.9423363
8854440,8854440,8650600,Ahmedabad,India,0.0236,w,42,23.0215374,72.5800568
8850850,8850850,8718250,Wuhan,China,0.0152,w,43,30.5951051,114.2999353
8815630,8815630,8621720,Kuala Lumpur,Malaysia,0.0225,w,44,3.1516964,101.6942371
8419840,8419840,8237210,Hangzhou,China,0.0222,w,45,30.2489634,120.2052342
8350620,8350620,8074030,Suzhou,China,0.0343,w,46,31.311123,120.6212881
8330530,8330530,8064950,Surat,India,0.0329,w,47,21.2094892,72.8317058
8161230,8161230,7775860,Dar es Salaam,Tanzania,0.0496,w,48,-6.8160837,39.2803583
8097282,8097282,8258035,New York City,United States,-0.0195,us,49,40.7127281,-74.0060152
7921130,7921130,7711300,Baghdad,Iraq,0.0272,w,50,33.3061701,44.3872213
7830380,7830380,7680970,Shenyang,China,0.0195,w,51,41.8026095,123.4279105
7820550,7820550,7682430,Riyadh,Saudi Arabia,0.018,w,52,24.638916,46.7160104
7725860,7725860,7684800,Hong Kong,Hong Kong,0.0053,w,53,22.2793278,114.1628131
7704940,7704940,7597390,Foshan,China,0.0142,w,54,23.0239788,113.1159558
7675150,7675150,7587050,Dongguan,China,0.0116,w,55,23.0205969,113.7457788
7345850,7345850,7166370,Pune,India,0.025,w,56,18.5213738,73.8545071
6950950,6950950,6903390,Santiago,Chile,0.0069,w,57,-33.4377756,-70.6504502
6938010,6938010,6803810,Haerbin,China,0.0197,w,58,41.8094221,123.4153907
6783240,6783240,6751370,Madrid,Spain,0.0047,w,59,40.4167047,-3.7035825
6542070,6542070,6344350,Khartoum,Sudan,0.0312,w,60,15.5635972,32.5349123
6431430,6431430,6371960,Toronto,Canada,0.0093,w,61,43.6534817,-79.3839347
6324350,6324350,6198020,Johannesburg,South Africa,0.0204,w,62,-26.205,28.049722
6300410,6300410,6247890,Belo Horizonte,Brazil,0.0084,w,63,-19.9227318,-43.9450948
6217490,6217490,6078000,Dalian,China,0.0229,w,64,38.9181714,121.6282945
6119200,6119200,6080860,Singapore,Singapore,0.0063,w,65,1.357107,103.8194992
6104600,6104600,5986520,Qingdao,China,0.0197,w,66,36.0637967,120.3192081
6014890,6014890,5859270,Zhengzhou,China,0.0266,w,67,23.246071,107.2297041
5940700,5940700,5806030,Ji nan Shandong,China,0.0232,w,68,36.6586401,116.99847925114548
5866700,5866700,5686350,Abidjan,Ivory Coast,0.0317,w,69,5.320357,-4.016107
5711920,5711920,5687360,Barcelona,Spain,0.0043,w,70,41.3828939,2.1774322
5709680,5709680,5610240,Yangon,Myanmar,0.0177,w,71,16.7967129,96.1609916
5703630,5703630,5460590,Addis Ababa,Ethiopia,0.0445,w,72,9.0358287,38.7524127
5696130,5696130,5588480,Alexandria,Egypt,0.0193,w,73,31.1991806,29.8951716
5581710,5581710,5561290,Saint Petersburg,Russia,0.0037,w,74,59.938732,30.316229
5541170,5541170,5325160,Nairobi,Kenya,0.0406,w,75,-1.2832533,36.8172449
5513610,5513610,5379660,Chittagong,Bangladesh,0.0249,w,76,22.6800466,91.8839938
5499680,5499680,5419880,Guadalajara,Mexico,0.0147,w,77,20.6720375,-103.338396
5478080,5478080,5490270,Fukuoka,Japan,-0.0022,w,78,33.6251241,130.6180016
5477090,5477090,5397100,Ankara,Turkey,0.0148,w,79,39.9207759,32.8540497
5431800,5431800,5253380,Hanoi,Vietnam,0.034,w,80,21.0283334,105.854041
5315600,5315600,5235410,Melbourne,Australia,0.0153,w,81,-37.8142454,144.9631732
5195360,5195360,5116650,Monterrey,Mexico,0.0154,w,82,25.6802019,-100.315258
5184900,5184900,5120890,Sydney,Australia,0.0125,w,83,-33.8698439,151.2082848
5027980,5027980,4921490,Changsha,China,0.0216,w,84,28.1450774,113.2384362
5005960,5005960,4865040,Urumqi,China,0.029,w,85,43.419754,87.319461
4977830,4977830,4890280,Cape Town,South Africa,0.0179,w,86,-33.9288301,18.4172197
4943210,4943210,4862940,Jiddah,Saudi Arabia,0.0165,w,87,21.5504432,39.1742363
4935270,4935270,4873050,Brasilia,Brazil,0.0128,w,88,-10.3333333,-53.2
4861080,4861080,4761280,Kunming,China,0.021,w,89,25.0363006,102.7086139
4802450,4802450,4710380,Changchun,China,0.0195,w,90,43.8844201,125.3180998
4728380,4728380,4588670,Kabul,Afghanistan,0.0304,w,91,34.5260109,69.1776838
4727290,4727290,4615760,Hefei,China,0.0242,w,92,31.8665676,117.281428
4681770,4681770,4509290,Yaounde,Cameroon,0.0382,w,93,3.8689867,11.5213344
4659830,4659830,4537900,Ningbo,China,0.0269,w,94,29.8622194,121.6203873
4656520,4656520,4573710,Shantou,China,0.0181,w,95,23.3563921,116.6775856
4534880,4534880,4504150,New Taipei,Taiwan,0.0068,w,96,25.011997,121.4656619
4495730,4495730,4420860,Tel Aviv,Israel,0.0169,w,97,32.0852997,34.7818064
4490730,4490730,4348480,Kano,Nigeria,0.0327,w,98,11.8948389,8.5364136
4454130,4454130,4370470,Shijiazhuang,China,0.0191,w,99,38.0429742,114.5088385
4341640,4341640,4307960,Montreal,Canada,0.0078,w,100,45.5031824,-73.5698065
4331970,4331970,4315670,Rome,Italy,0.0038,w,101,41.8933203,12.4829321
4308510,4308510,4207080,Jaipur,India,0.0241,w,102,26.9154576,75.8189817
4305130,4305130,4263940,Recife,Brazil,0.0097,w,103,-8.0584933,-34.8848193
4291460,4291460,4191890,Nanning,China,0.0238,w,104,22.8193063,108.3627211
4246400,4246400,4206240,Fortaleza,Brazil,0.0095,w,105,-3.7304512,-38.5217989
4243960,4243960,4088560,Kozhikode,India,0.038,w,106,11.2450558,75.7754716
4239870,4239870,4211930,Porto Alegre,Brazil,0.0066,w,107,-30.0324999,-51.2303767
4226780,4226780,4145010,Taiyuan Shanxi,China,0.0197,w,108,37.870009,112.5452739
4203110,4203110,4063200,Douala,Cameroon,0.0344,w,109,4.0429389,9.7062018
4190830,4190830,4118330,Ekurhuleni,South Africa,0.0176,w,110,-26.184765,28.321072546012267
4184920,4184920,4009090,Malappuram,India,0.0439,w,111,11.10684475,76.10995510466662
4137390,4137390,4102310,Medellin,Colombia,0.0086,w,112,6.269732449999999,-75.60255965090315
4085500,4085500,3981660,Changzhou,China,0.0261,w,113,31.8122623,119.9691539
4050830,4050830,3846100,Kampala,Uganda,0.0532,w,114,0.3177137,32.5813539
4048670,4048670,3872260,Antananarivo,Madagascar,0.0456,w,115,-18.9100122,47.5255809
4038210,4038210,3945410,Lucknow,India,0.0235,w,116,26.8381,80.9346001
4025740,4025740,3839650,Abuja,Nigeria,0.0485,w,117,9.0643305,7.4892974
4016040,4016040,3920380,Nanchang,China,0.0244,w,118,28.6472124,116.0348483
4009530,4009530,3919720,Wenzhou,China,0.0229,w,119,27.9963899,120.695345
4007470,4007470,3935480,Xiamen,China,0.0183,w,120,24.4801069,118.0853479
4004320,4004320,3874910,Ibadan,Nigeria,0.0334,w,121,7.3786064,3.8969928
3998750,3998750,3922200,Fuzhou Fujian,China,0.0195,w,122,26.0774954,119.2918215
3994980,3994980,3958380,Salvador,Brazil,0.0092,w,123,-12.9822499,-38.4812772
3950410,3950410,3892840,Casablanca,Morocco,0.0148,w,124,33.5945144,-7.6200284
3925210,3925210,3814700,Tangshan Hebei,China,0.029,w,125,39.6295951,118.1738712
3903480,3903480,3768240,Kumasi,Ghana,0.0359,w,126,6.6985605,-1.6233086
3852460,3852460,3813080,Curitiba,Brazil,0.0103,w,127,-25.4295963,-49.2712724
3830680,3830680,3729350,Bekasi,Indonesia,0.0272,w,128,-6.2349858,106.9945444
3800190,3800190,3710840,Faisalabad,Pakistan,0.0241,w,129,31.4220558,73.0923253
3795936,3795936,3820914,Los Angeles,United States,-0.0065,us,130,34.0536909,-118.242766
3661450,3661450,3580900,Guiyang,China,0.0225,w,131,26.6499922,106.6246178
3636550,3636550,3480100,Port Harcourt,Nigeria,0.045,w,132,4.7676576,7.0188527
3605240,3605240,3482460,Thrissur,India,0.0353,w,133,10.5270099,76.214621
3587400,3587400,3523890,Santo Domingo,Dominican Republic,0.018,w,134,18.4801972,-69.942111
3576870,3576870,3573940,Berlin,Germany,0.0008,w,135,52.510885,13.3989367
3568830,3568830,3510510,Asuncion,Paraguay,0.0166,w,136,-25.2800459,-57.6343814
3540460,3540460,3429540,Dakar,Senegal,0.0323,w,137,14.693425,-17.447938
3507050,3507050,3406060,Kochi,India,0.0297,w,138,9.9674277,76.2454436
3498740,3498740,3437350,Wuxi,China,0.0179,w,139,31.5776626,120.2952752
3477420,3477420,3471950,Busan,South Korea,0.0016,w,140,35.1799528,129.0752365
3458440,3458440,3422800,Campinas,Brazil,0.0104,w,141,-22.9056391,-47.059564
3415530,3415530,3367850,Mashhad,Iran,0.0142,w,142,36.2974945,59.6059232
3407810,3407810,3292500,Sanaa,Yemen,0.035,w,143,15.3538569,44.2058841
3394340,3394340,3344760,Puebla,Mexico,0.0148,w,144,18.833333,-98.0
3393380,3393380,3302080,Indore,India,0.0276,w,145,22.7203616,75.8681996
3365910,3365910,3297530,Lanzhou,China,0.0207,w,146,36.0615192,103.8318849
3358930,3358930,3203920,Ouagadougou,Burkina Faso,0.0484,w,147,12.3681873,-1.5270944
3353600,3353600,3297760,Kuwait City,Kuwait,0.0169,w,148,29.3796532,47.9734174
3324220,3324220,3181250,Lusaka,Zambia,0.0449,w,149,-15.4163395,28.2818414
3286140,3286140,3234160,Kanpur,India,0.0161,w,150,26.4609135,80.3217588
3262130,3262130,3228000,Durban,South Africa,0.0106,w,151,-29.861825,31.009909
3193270,3193270,3142470,Guayaquil,Ecuador,0.0162,w,152,-2.1900563,-79.8868741
3183140,3183140,3157540,Pyongyang,North Korea,0.0081,w,153,39.0167979,125.7473609
3160630,3160630,3154570,Milan,Italy,0.0019,w,154,45.4641943,9.1896346
3159630,3159630,3095100,Guatemala City,Guatemala,0.0208,w,155,14.6416142,-90.5132836
3154590,3154590,3154460,Athens,Greece,0.0,w,156,37.9755648,23.7348324
3133300,3133300,3041230,Depok,Indonesia,0.0303,w,157,-6.40719,106.8158371
3120340,3120340,3088410,Izmir,Turkey,0.0103,w,158,38.23166,27.02997
3106340,3106340,3046690,Nagpur,India,0.0196,w,159,21.1498134,79.0820556
3088750,3088750,3044410,Surabaya,Indonesia,0.0146,w,160,-7.2459717,112.7378266
3086000,3086000,3005410,Handan,China,0.0268,w,161,36.6107711,114.4857072
3083720,3083720,3009050,Coimbatore,India,0.0248,w,162,11.0018115,76.9628425
3071050,3071050,2979890,Huaian,China,0.0306,w,163,33.5978169,119.0196971
3060170,3060170,2987460,Port-au-Prince,Haiti,0.0243,w,164,18.547327,-72.3395928
3051060,3051060,3010680,Zhongshan,China,0.0134,w,165,22.5196895,113.3870834
3051020,3051020,3007580,Dubai,United Arab Emirates,0.0144,w,166,25.2653471,55.2924914
3050570,3050570,2929370,Bamako,Mali,0.0414,w,167,12.61326555,-7.984739136241295
3022860,3022860,2891750,Mbuji-Mayi,DR Congo,0.0453,w,168,-6.1258942,23.5998111
3020230,3020230,3016790,Kiev,Ukraine,0.0011,w,169,50.4500336,30.5241361
3014610,3014610,3000540,Lisbon,Portugal,0.0047,w,170,38.7077507,-9.1365919
2994540,2994540,2917820,Weifang,China,0.0263,w,171,36.7071591,119.1557441
2991730,2991730,2972140,Caracas,Venezuela,0.0066,w,172,10.5060934,-66.9146008
2984150,2984150,2891120,Thiruvananthapuram,India,0.0322,w,173,8.4882267,76.947551
2952120,2952120,2901810,Algiers,Algeria,0.0173,w,174,36.7729309,3.0588291
2935530,2935530,2937360,Shizuoka,Japan,-0.0006,w,175,34.9332488,138.0955398
2933960,2933960,2811960,Lubumbashi,DR Congo,0.0434,w,176,-11.6642316,27.4826264
2890430,2890430,2863730,Cali,Colombia,0.0093,w,177,3.4519988,-76.5325259
2890420,2890420,2848470,Goiania,Brazil,0.0147,w,178,-16.680882,-49.2532691
2889900,2889900,2818100,Pretoria,South Africa,0.0255,w,179,-25.7459277,28.1879101
2882170,2882170,2805650,Shaoxing,China,0.0273,w,180,29.9992425,120.576854
2861690,2861690,2848560,Incheon,South Korea,0.0046,w,181,37.456,126.7052
2834510,2834510,2764580,Yantai,China,0.0253,w,182,37.461928,121.4425255
2828440,2828440,2780140,Zibo,China,0.0174,w,183,36.819626,117.980675
2827610,2827610,2758590,Huizhou,China,0.025,w,184,23.1125153,114.4127007
2811760,2811760,2791000,Manchester,United Kingdom,0.0074,w,185,53.4794892,-2.2451148
2766330,2766330,2754200,Taipei,Taiwan,0.0044,w,186,25.0375198,121.5636796
2726820,2726820,2610480,Mogadishu,Somalia,0.0446,w,187,2.0349312,45.3419183
2724570,2724570,2637730,Brazzaville,Republic of the Congo,0.0329,w,188,-4.2694407,15.2712256
2721160,2721160,2660070,Accra,Ghana,0.023,w,189,5.5571096,-0.2012376
2714220,2714220,2674000,Bandung,Indonesia,0.015,w,190,-6.9215529,107.6110212
2685360,2685360,2584770,Damascus,Syria,0.0389,w,191,33.5130695,36.3095814
2684810,2684810,2665100,Birmingham,United Kingdom,0.0074,w,192,52.4796992,-1.9026911
2682510,2682510,2657090,Vancouver,Canada,0.0096,w,193,49.2608724,-123.113952
2674340,2674340,2626370,Toluca de Lerdo,Mexico,0.0183,w,194,19.292545,-99.6569007
2666740,2666740,2602790,Luoyang,China,0.0246,w,195,34.6196539,112.4477046
2660950,2660950,2666110,Sapporo,Japan,-0.0019,w,196,43.061936,141.3542924
2638159,2638159,2664452,Chicago,United States,-0.0099,us,197,41.8755616,-87.6244212
2633660,2633660,2603240,Tashkent,Uzbekistan,0.0117,w,198,41.3123363,69.2787079
2633240,2633240,2579760,Patna,India,0.0207,w,199,25.6093239,85.1235252
2624860,2624860,2564500,Bhopal,India,0.0235,w,200,23.2584857,77.401989
2570980,2570980,2514080,Tangerang,Indonesia,0.0226,w,201,-6.1761924,106.6382161
2555720,2555720,2492230,Nantong,China,0.0255,w,202,31.9827896,120.8904588
2536450,2536450,2504500,Brisbane,Australia,0.0128,w,203,-27.4689682,153.0234991
2510670,2510670,2475450,Tunis,Tunisia,0.0142,w,204,36.8002068,10.1857757
2480550,2480550,2411780,Peshawar,Pakistan,0.0285,w,205,34.0123846,71.5787458
2479070,2479070,2439050,Medan,Indonesia,0.0164,w,206,3.5896654,98.6738261
2479060,2479060,2415420,Gujranwala,Pakistan,0.0263,w,207,32.1525312,74.1933745
2464160,2464160,2432300,Baku,Azerbaijan,0.0131,w,208,40.3755885,49.8328009
2443690,2443690,2380640,Hohhot,China,0.0265,w,209,40.8337963,111.6730788
2436620,2436620,2439560,San Juan,Puerto Rico,-0.0012,w,210,18.465299,-66.116666
2432180,2432180,2409410,Belem,Brazil,0.0095,w,211,-1.45056,-48.4682453
2430390,2430390,2377320,Rawalpindi,Pakistan,0.0223,w,212,33.5914237,73.0535122
2422340,2422340,2367550,Agra,India,0.0231,w,213,27.1752554,78.0098161
2406850,2406850,2375640,Manaus,Brazil,0.0131,w,214,-3.1316333,-59.9825041
2405660,2405660,2346140,Kannur,India,0.0254,w,215,11.8763836,75.3737973
2402480,2402480,2421350,Beirut,Lebanon,-0.0078,w,216,33.88922645,35.50255852895232
2400830,2400830,2367630,Maracaibo,Venezuela,0.014,w,217,10.6498095,-71.6443596
2397410,2397410,2343450,Liuzhou,China,0.023,w,218,24.3284746,109.4239676
2385110,2385110,2330930,Visakhapatnam,India,0.0232,w,219,17.7231276,83.3012842
2381240,2381240,2334880,Baotou,China,0.0199,w,220,40.6174777,109.944912
2373360,2373360,2324080,Vadodara,India,0.0212,w,221,22.2973142,73.1942567
2373300,2373300,2349400,Barranquilla,Colombia,0.0102,w,222,11.0101922,-74.8231794084391
2352680,2352680,2281200,Phnom Penh,Cambodia,0.0313,w,223,11.568271,104.9224426
2341430,2341430,2342300,Sendai,Japan,-0.0004,w,224,38.2677554,140.8691498
2338720,2338720,2318850,Taoyuan,Taiwan,0.0086,w,225,24.9929995,121.3010003
2332530,2332530,2287170,Xuzhou,China,0.0198,w,226,34.2665258,117.1810431
2319119,2319119,2314157,Houston,United States,0.0021,us,227,29.7589382,-95.3676974
2317650,2317650,2203020,Aleppo,Syria,0.052,w,228,36.19924,37.1637253
2297220,2297220,2259790,Tijuana,Mexico,0.0166,w,229,32.5317397,-117.019529
2294590,2294590,2258400,Esfahan,Iran,0.016,w,230,33.1881386,52.4981635
2294300,2294300,2237370,Nashik,India,0.0254,w,231,20.0112475,73.7902364
2290780,2290780,2229760,Vijayawada,India,0.0274,w,232,16.5087573,80.6185089
2252690,2252690,2232240,Amman,Jordan,0.0092,w,233,31.9515694,35.9239625
2250100,2250100,2176020,Putian,China,0.034,w,234,25.3538682,119.0570588
2205410,2205410,2154600,Multan,Pakistan,0.0236,w,235,30.197838,71.4719683
2196820,2196820,2170510,Grande Vitoria,Brazil,0.0121,w,236,-3.1559361,-59.2794889
2195260,2195260,2124800,Wuhu Anhui,China,0.0332,w,237,31.1800568,118.2141777
2184560,2184560,2149930,Mecca,Saudi Arabia,0.0161,w,238,21.420847,39.826869
2181940,2181940,2106610,Kollam,India,0.0358,w,239,8.9674039,76.85857804538561
2180030,2180030,2179380,Naples,Italy,0.0003,w,240,40.8358846,14.2487679
2179930,2179930,2181000,Daegu,South Korea,-0.0005,w,241,35.8713,128.6018
2178600,2178600,2110940,Conakry,Guinea,0.0321,w,242,9.5170602,-13.6998434
2175100,2175100,2131290,Yangzhou,China,0.0206,w,243,32.3968554,119.4077658
2152520,2152520,2148930,Havana,Cuba,0.0017,w,244,23.135305,-82.3589631
2152230,2152230,2102140,Taizhou Zhejiang,China,0.0238,w,245,28.6581723,121.4163876
2149700,2149700,2107540,Baoding,China,0.02,w,246,38.8579735,115.490696
2143490,2143490,2118000,Perth,Australia,0.012,w,247,-31.9558933,115.8605855
2132180,2132180,2121990,Brussels,Belgium,0.0048,w,248,50.8465573,4.351697
2120050,2120050,2076360,Linyi Shandong,China,0.021,w,249,37.1767104,116.8507744
2115510,2115510,2086320,Bursa,Turkey,0.014,w,250,39.9895878,28.8944669
2096980,2096980,2043110,Rajkot,India,0.0264,w,251,22.3053263,70.8028377
2064730,2064730,2057260,Minsk,Belarus,0.0036,w,252,53.9024716,27.5618225
2062880,2062880,2067590,Hiroshima,Japan,-0.0023,w,253,34.3917241,132.4517589
2056650,2056650,2016090,Haikou,China,0.0201,w,254,20.0462328,110.1956502
2044370,2044370,2000660,Daqing,China,0.0218,w,255,46.3240228,124.5598093
2042730,2042730,1981620,Lome,Togo,0.0308,w,256,6.15803455,1.2516823732466333
2035630,2035630,1986440,Lianyungang,China,0.0248,w,257,34.5933134,119.2171662
2034330,2034330,1993460,Yancheng Jiangsu,China,0.0205,w,258,33.349559,120.1577019
2015740,2015740,1976870,Panama City,Panama,0.0197,w,259,8.9714493,-79.5341802
2015210,2015210,1987300,Almaty,Kazakhstan,0.014,w,260,43.2363924,76.9457275
2013570,2013570,1975310,Semarang,Indonesia,0.0194,w,261,-6.9903988,110.4229104
2011960,2011960,1967680,Hyderabad,Pakistan,0.0225,w,262,25.3868287,68.3714971
2007260,2007260,1983440,Valencia,Venezuela,0.012,w,263,10.170026,-68.0003987
1991460,1991460,1949400,Davao City,Philippines,0.0216,w,264,7.0648306,125.6080623
1990490,1990490,1975270,Vienna,Austria,0.0077,w,265,48.2083537,16.3725042
1989200,1989200,1959390,Rabat,Morocco,0.0152,w,266,34.02236,-6.8340222
1988440,1988440,1951080,Ludhiana,India,0.0191,w,267,30.9090157,75.851601
1986670,1986670,1957000,Quito,Ecuador,0.0152,w,268,-0.2201641,-78.5123274
1972560,1972560,1904630,Benin City,Nigeria,0.0357,w,269,6.3330586,5.6221058
1965570,1965570,1935620,La Paz,Bolivia,0.0155,w,270,-16.4955455,-68.1336229
1965110,1965110,1947780,Baixada Santista,Brazil,0.0089,w,271,-24.0434664,-46.70251806515439
1942470,1942470,1928660,West Yorkshire,United Kingdom,0.0072,w,272,53.741427099999996,-1.7202003766777243
1938920,1938920,1865170,Can Tho,Vietnam,0.0395,w,273,10.0364634,105.7875821
1930370,1930370,1889830,Zhuhai,China,0.0215,w,274,22.273734,113.5721327
1924440,1924440,1898750,Leon de los Aldamas,Mexico,0.0135,w,275,0.0,0.0
1920730,1920730,1869990,Quanzhou,China,0.0271,w,276,25.1901863,118.338717
1915040,1915040,1852400,Matola,Mozambique,0.0338,w,277,-25.966917,32.466956
1913670,1913670,1873690,Datong,China,0.0213,w,278,37.1448493,101.4606956
1872200,1872200,1830860,Sharjah,United Arab Emirates,0.0226,w,279,25.2311534,54.21900831355923
1871910,1871910,1834280,Madurai,India,0.0205,w,280,9.9261153,78.1140983
1871110,1871110,1816810,Raipur,India,0.0299,w,281,21.2380912,81.6336993
1856640,1856640,1835900,Adana,Turkey,0.0113,w,282,36.9863599,35.3252861
1855730,1855730,1820110,Santa Cruz,Bolivia,0.0196,w,283,-17.333333,-61.5
1852670,1852670,1818420,Palembang,Indonesia,0.0188,w,284,-2.9888243,104.7568507
1847690,1847690,1792020,Mosul,Iraq,0.0311,w,285,36.3415843,43.1291386
1840040,1840040,1788870,Cixi,China,0.0286,w,286,30.1730437,121.2623259
1835400,1835400,1797800,Meerut,India,0.0209,w,287,28.9963296,77.7061915
1833010,1833010,1804700,Gaziantep,Turkey,0.0157,w,288,37.0628317,37.3792617
1826140,1826140,1780590,La Laguna,Mexico,0.0256,w,289,20.443863,-97.44505868410334
1806150,1806150,1748140,Batam,Indonesia,0.0332,w,290,1.1030815,104.0383696
1805730,1805730,1801940,Turin,Italy,0.0021,w,291,45.0677551,7.6824892
1799450,1799450,1797520,Warsaw,Poland,0.0011,w,292,52.2337172,21.071432235636493
1797470,1797470,1768510,Jiangmen,China,0.0164,w,293,22.5816619,113.0761073
1789050,1789050,1754420,Varanasi,India,0.0197,w,294,25.3356491,83.0076292
1787280,1787280,1787520,Hamburg,Germany,-0.0001,w,295,53.550341,10.000654
1781360,1781360,1774400,Montevideo,Uruguay,0.0039,w,296,-34.9058916,-56.1913095
1780390,1780390,1778050,Budapest,Hungary,0.0013,w,297,47.4978789,19.0402383
1774400,1774400,1761190,Lyon,France,0.0075,w,298,45.7578137,4.8320114
1772320,1772320,1742710,Xiangyang,China,0.017,w,299,32.010998,112.1163785
1767520,1767520,1776380,Bucharest,Romania,-0.005,w,300,44.4361414,26.1027202
1758100,1758100,1711240,Yichang,China,0.0274,w,301,30.694088,111.2803074
1757700,1757700,1716590,Yinchuan,China,0.0239,w,302,38.4852037,106.2261926
1742750,1742750,1720950,Shiraz,Iran,0.0127,w,303,29.6060218,52.5378041
1738720,1738720,1664440,Kananga,DR Congo,0.0446,w,304,-5.8951725,22.408589
1737500,1737500,1698280,Srinagar,India,0.0231,w,305,34.0747444,74.8204443
1735360,1735360,1678020,Monrovia,Liberia,0.0342,w,306,6.328034,-10.797788
1731860,1731860,1677170,Tiruppur,India,0.0326,w,307,10.791526650000002,77.53254662905589
1730520,1730520,1695060,Jamshedpur,India,0.0209,w,308,22.8015194,86.2029579
1726330,1726330,1664970,Suqian,China,0.0369,w,309,33.9644701,118.2696994
1725280,1725280,1683390,Aurangabad,India,0.0249,w,310,24.75,84.5
1723730,1723730,1680960,Qinhuangdao,China,0.0254,w,311,39.9648614,119.5863191
1719600,1719600,1700070,Stockholm,Sweden,0.0115,w,312,59.3251172,18.0710935
1713450,1713450,1689500,Anshan,China,0.0142,w,313,41.1075962,122.9902291
1708150,1708150,1698090,Glasgow,United Kingdom,0.0059,w,314,55.861155,-4.2501687
1705080,1705080,1666600,Xining,China,0.0231,w,315,36.824463,101.440811
1704930,1704930,1673090,Makassar,Indonesia,0.019,w,316,-5.1342962,119.4124282
1702010,1702010,1661850,Hengyang,China,0.0242,w,317,26.8971308,112.5666191
1701510,1701510,1694760,Novosibirsk,Russia,0.004,w,318,55.0288307,82.9226887
1699360,1699360,1672630,Ulaanbaatar,Mongolia,0.016,w,319,47.9184676,106.9177016
1694910,1694910,1623380,Onitsha,Nigeria,0.0441,w,320,6.1461619,6.8019088
1693700,1693700,1668780,Jilin,China,0.0149,w,321,43.7289674,126.1997366
1693380,1693380,1642350,Anyang,China,0.0311,w,322,36.1023552,114.33633
1692770,1692770,1673220,Auckland,New Zealand,0.0117,w,323,-36.852095,174.7631803
1678030,1678030,1660740,Tabriz,Iran,0.0104,w,324,38.0738612,46.2978789
1676170,1676170,1650320,Muscat,Oman,0.0157,w,325,23.5882019,58.3829448
1665020,1665020,1639610,Calgary,Canada,0.0155,w,326,51.0456064,-114.057541
1662607,1662607,1650070,Phoenix,United States,0.0076,us,327,33.4484367,-112.074141
1662410,1662410,1635460,Qiqihaer,China,0.0165,w,328,47.417209,123.74595982669376
1655620,1655620,1592320,N-Djamena,Chad,0.0398,w,329,12.1191543,15.0502758
1635710,1635710,1627550,Marseille,France,0.005,w,330,43.2961743,5.3699525
1625940,1625940,1611650,Cordoba,Argentina,0.0089,w,331,-31.4166867,-64.1834193
1625320,1625320,1586550,Jodhpur,India,0.0244,w,332,26.2967719,73.0351433
1621640,1621640,1571010,Kathmandu,Nepal,0.0322,w,333,27.708317,85.3205817
1613040,1613040,1594100,Rosario,Argentina,0.0119,w,334,-32.9593609,-60.6617024
1609260,1609260,1568020,Tegucigalpa,Honduras,0.0263,w,335,14.1057433,-87.2040052
1604080,1604080,1582310,Ciudad Juarez,Mexico,0.0138,w,336,31.7372575,-106.485655
1603200,1603200,1578130,Harare,Zimbabwe,0.0159,w,337,-17.8567035,31.0601584
1603010,1603010,1593610,Karaj,Iran,0.0059,w,338,35.8224892,50.9904681
1598980,1598980,1572570,Medina,Saudi Arabia,0.0168,w,339,24.471153,39.6111216
1595960,1595960,1569560,Jining Shandong,China,0.0168,w,340,35.4125047,116.5849266
1593280,1593280,1567000,Abu Dhabi,United Arab Emirates,0.0168,w,341,24.4538352,54.3774014
1584510,1584510,1576420,Munich,Germany,0.0051,w,342,48.1371079,11.5753822
1584240,1584240,1547260,Ranchi,India,0.0239,w,343,23.3700501,85.3250387
1581700,1581700,1577440,Daejon,South Korea,0.0027,w,344,36.3497007,127.3849016
1568120,1568120,1536170,Zhangjiakou,China,0.0208,w,345,40.8171433,114.8782861
1567620,1567620,1544450,Edmonton,Canada,0.015,w,346,53.5462055,-113.491241
1563020,1563020,1531860,Mandalay,Myanmar,0.0203,w,347,21.9596834,96.0948743
1559080,1559080,1552900,Gaoxiong,Taiwan,0.004,w,348,22.6203348,120.3120375
1558470,1558470,1516800,Kota,India,0.0275,w,349,25.1737019,75.8574194
1556410,1556410,1535320,Natal,Brazil,0.0137,w,350,-5.805398,-35.2080905
1552150,1552150,1491960,Nouakchott,Mauritania,0.0403,w,351,18.061891799999998,-15.931148157832908
1551000,1551000,1522120,Jabalpur,India,0.019,w,352,23.1608938,79.9497702
1538600,1538600,1512670,Huainan,China,0.0171,w,353,32.5866826,117.0130019
1536020,1536020,1523630,Grande Sao Luis,Brazil,0.0081,w,354,-3.0212185,-44.0020057
1534080,1534080,1505030,Asansol,India,0.0193,w,355,23.6871297,86.9746587
1533828,1533828,1550542,Philadelphia,United States,-0.0108,us,356,39.9527237,-75.1635262
1532970,1532970,1527730,Yekaterinburg,Russia,0.0034,w,357,56.839104,60.60825
1532900,1532900,1529470,Gwangju,South Korea,0.0022,w,358,35.1594647,126.8515034
1525750,1525750,1483320,Yiwu,China,0.0286,w,359,29.3093002,120.0703805
1520630,1520630,1496300,Chaozhou,China,0.0163,w,360,23.656593,116.6204223
1513974,1513974,1495295,San Antonio,United States,0.0125,us,361,29.4246002,-98.4951405
1508850,1508850,1475020,Gwalior,India,0.0229,w,362,26.2037247,78.1573628
1508040,1508040,1459680,Ganzhou,China,0.0331,w,363,25.8332103,114.9287362
1499600,1499600,1443430,Homs,Syria,0.0389,w,364,34.7333334,36.7166667
1496260,1496260,1437230,Niamey,Niger,0.0411,w,365,13.524834,2.109823
1495220,1495220,1440400,Mombasa,Kenya,0.0381,w,366,-4.05052,39.667169
1493350,1493350,1465150,Allahabad,India,0.0192,w,367,25.4381302,81.8338005
1485160,1485160,1448120,Basra,Iraq,0.0256,w,368,30.4952371,47.8090981
1483510,1483510,1423400,Kisangani,DR Congo,0.0422,w,369,0.5184021,25.2057292
1482460,1482460,1461990,San Jose,Costa Rica,0.014,w,370,9.9325427,-84.0795782
1480470,1480470,1451750,Amritsar,India,0.0198,w,371,31.6356659,74.8787496
1477600,1477600,1446810,Taizhou Jiangsu,China,0.0213,w,372,32.4579729,119.9181174
1472710,1472710,1454220,Chon Buri,Thailand,0.0127,w,373,13.1857117,101.1210777
1470920,1470920,1424980,Jiaxing,China,0.0322,w,374,30.7474425,120.7510971
1465930,1465930,1429320,Weihai,China,0.0256,w,375,45.7931952,123.7132133
1463650,1463650,1422970,Hai Phong,Vietnam,0.0286,w,376,20.858864,106.6749591
1451570,1451570,1437190,Ottawa,Canada,0.01,w,377,45.4208777,-75.6901106
1443350,1443350,1431540,Zurich,Switzerland,0.0082,w,378,47.3744489,8.5410422
1441910,1441910,1416060,Taian Shandong,China,0.0183,w,379,36.2002968,117.0809316
1436820,1436820,1413470,Queretaro,Mexico,0.0165,w,380,20.8052225,-99.8837376
1435120,1435120,1421830,Joao Pessoa,Brazil,0.0093,w,381,-7.1215981,-34.882028
1434460,1434460,1398260,Kaifeng,China,0.0259,w,382,34.604167,114.497222
1430690,1430690,1400250,Cochabamba,Bolivia,0.0217,w,383,-17.401245799999998,-66.16756808852
1429940,1429940,1407630,Konya,Turkey,0.0158,w,384,38.0211951,32.5224943
1428800,1428800,1373520,Liuyang,China,0.0402,w,385,28.2178951,113.7001702
1427890,1427890,1378080,Liuan,China,0.0361,w,386,37.3539038,117.048777
1426580,1426580,1391260,Rizhao,China,0.0254,w,387,35.4178833,119.5213994
1418980,1418980,1421050,Kharkiv,Ukraine,-0.0015,w,388,49.9923181,36.2310146
1414530,1414530,1389780,Dhanbad,India,0.0178,w,389,23.7952809,86.4309638
1412710,1412710,1377570,Nanchong,China,0.0255,w,390,31.210219,106.231735
1410790,1410790,1379380,Dongying,China,0.0228,w,391,37.4334738,118.6689349
1410700,1410700,1408140,Belgrade,Serbia,0.0018,w,392,44.8178131,20.4568974
1406090,1406090,1376450,Zunyi,China,0.0215,w,393,27.6912954,106.9155974
1399310,1399310,1372000,Zhanjiang,China,0.0199,w,394,21.2737079,110.3548318
1396630,1396630,1381500,Bucaramanga,Colombia,0.011,w,395,7.1255169,-73.1182624
1393450,1393450,1329280,Uyo,Nigeria,0.0483,w,396,4.9902370000000005,7.9974399113319485
1391200,1391200,1381000,Copenhagen,Denmark,0.0074,w,397,55.6867243,12.5700724
1388996,1388996,1388320,San Diego,United States,0.0005,us,398,32.7174202,-117.162772
1387380,1387380,1354020,Shiyan,China,0.0246,w,399,32.45269,110.560812
1381860,1381860,1369070,Taizhong,Taiwan,0.0093,w,400,24.163162,120.6478282
1380720,1380720,1348660,Bareilly,India,0.0238,w,401,28.45823445,79.40474517998476
1379370,1379370,1336390,Pointe-Noire,Republic of the Congo,0.0322,w,402,-4.7975373,11.8503297
1379280,1379280,1366780,Adelaide,Australia,0.0091,w,403,-34.9281805,138.5999312
1378230,1378230,1365350,Suweon,South Korea,0.0094,w,404,0.0,0.0
1378010,1378010,1310750,Mwanza,Tanzania,0.0513,w,405,-2.90554195,33.16370938992052
1376450,1376450,1351380,Mianyang Sichuan,China,0.0186,w,406,31.4602714,104.7160723
1376150,1376150,1358870,Samut Prakan,Thailand,0.0127,w,407,13.6531651,100.8182578
1375980,1375980,1363510,Maceio,Brazil,0.0091,w,408,-9.6476843,-35.7339264
1373800,1373800,1354170,Qom,Iran,0.0145,w,409,34.6422939,50.8801184
1372400,1372400,1347240,Antalya,Turkey,0.0187,w,410,36.8865728,30.7030242
1361990,1361990,1348520,Joinville,Brazil,0.01,w,411,-26.3044898,-48.8486726
1360780,1360780,1322920,Tengzhou,China,0.0286,w,412,35.1139509,117.1600052
1355560,1355560,1323170,Yingkou,China,0.0245,w,413,40.6747155,122.2357736
1352910,1352910,1329290,Ad-Dammam,Saudi Arabia,0.0178,w,414,26.4367824,50.1039991
1349990,1349990,1310430,Suzhou,China,0.0302,w,415,31.311123,120.6212881
1348850,1348850,1314180,Tanger,Morocco,0.0264,w,416,35.7696302,-5.8033522
1347560,1347560,1309170,Freetown,Sierra Leone,0.0293,w,417,8.479004,-13.26795
1346810,1346810,1337790,Helsinki,Finland,0.0067,w,418,60.1674881,24.9427473
1346020,1346020,1312370,Aligarh,India,0.0256,w,419,27.8761073,78.13581531245276
1335970,1335970,1301740,Moradabad,India,0.0263,w,420,28.879655300000003,78.80953353954959
1334530,1334530,1303360,Pekan Baru,Indonesia,0.0239,w,421,0.5262455,101.4515727
1333930,1333930,1303900,Maoming,China,0.023,w,422,21.6656961,110.9209511
1333100,1333100,1276320,Lilongwe,Malawi,0.0445,w,423,-13.9875107,33.768144
1329300,1329300,1324650,Porto,Portugal,0.0035,w,424,41.1494512,-8.6107884
1327950,1327950,1323340,Prague,Czech Republic,0.0035,w,425,50.0596288,14.446459273258009
1324110,1324110,1291280,Astana,Kazakhstan,0.0254,w,426,51.1159933,71.46770587485393
1320780,1320780,1282480,Jieyang,China,0.0299,w,427,23.553156,116.3680354
1317280,1317280,1304560,Fushun Liaoning,China,0.0098,w,428,41.6958035,124.1513595
1316460,1316460,1288240,Mysore,India,0.0219,w,429,12.3051828,76.6553609
1314920,1314920,1252890,Abomey-Calavi,Benin,0.0495,w,430,6.51096225,2.3303076367454025
1314780,1314780,1281790,Ruian,China,0.0257,w,431,27.7809047,120.6512652
1313310,1313310,1290040,Fes,Morocco,0.018,w,432,34.0346534,-5.0161926
1312630,1312630,1295930,Port Elizabeth,South Africa,0.0129,w,433,-33.9618359,25.6186512
1309900,1309900,1294490,Florianopolis,Brazil,0.0119,w,434,-27.5973002,-48.5496098
1309370,1309370,1293620,Ahvaz,Iran,0.0122,w,435,31.3230637,48.67932
1308470,1308470,1248780,Bukavu,DR Congo,0.0478,w,436,-2.5055839,28.8594885
1302753,1302753,1302868,Dallas,United States,-0.0001,us,437,32.7762719,-96.7968559
1300990,1300990,1239190,Nnewi,Nigeria,0.0499,w,438,6.019531,6.917181
1296230,1296230,1291880,Kazan,Russia,0.0034,w,439,55.7823547,49.1242266
1296060,1296060,1257940,Jinhua,China,0.0303,w,440,29.1080344,119.6486487
1292130,1292130,1273320,San Luis Potosi,Mexico,0.0148,w,441,22.5000001,-100.4949145
1290230,1290230,1261080,Baoji,China,0.0231,w,442,34.3609713,107.2322378
1289670,1289670,1266030,Durg-Bhilainagar,India,0.0187,w,443,0.0,0.0
1289250,1289250,1257640,Bhubaneswar,India,0.0251,w,444,20.2602964,85.8394521
1287950,1287950,1247550,Kigali,Rwanda,0.0324,w,445,-1.8859597,30.1296751
1287540,1287540,1288110,Sofia,Bulgaria,-0.0004,w,446,42.6977028,23.3217359
1285750,1285750,1256580,Pingdingshan Henan,China,0.0232,w,447,33.7374744,113.2981436
1284550,1284550,1270170,Dublin,Ireland,0.0113,w,448,53.3493795,-6.2605593
1282760,1282760,1254160,Puning,China,0.0228,w,449,23.3000453,116.160937
1279540,1279540,1252410,Chifeng,China,0.0217,w,450,43.2564906,118.9759212
1277240,1277240,1254520,Zhuzhou,China,0.0181,w,451,27.049812,113.55087
1277050,1277050,1206770,Bujumbura,Burundi,0.0582,w,452,-3.3638125,29.3675028
1275400,1275400,1250670,Zhenjiang Jiangsu,China,0.0198,w,453,32.1891959,119.4200069
1272870,1272870,1230640,Liupanshui,China,0.0343,w,454,26.5963778,104.8279652
1267870,1267870,1254190,Barquisimeto,Venezuela,0.0109,w,455,10.0774374,-69.3222293
1266790,1266790,1232450,Islamabad,Pakistan,0.0279,w,456,33.6938118,73.0651511
1264860,1264860,1236270,Huaibei,China,0.0231,w,457,40.3873572,116.6833875
1258120,1258120,1213780,Tasikmalaya,Indonesia,0.0365,w,458,-7.3262484,108.2201154
1256550,1256550,1242940,Maracay,Venezuela,0.0109,w,459,10.2375144,-67.5890216
1256160,1256160,1231440,Bogor,Indonesia,0.0201,w,460,-6.5962986,106.7972421
1253230,1253230,1220630,Da Nang,Vietnam,0.0267,w,461,16.068,108.212
1250300,1250300,1224630,Nanyang Henan,China,0.021,w,462,33.0010496,112.5292693
1250300,1250300,1251330,Nizhniy Novgorod,Russia,-0.0008,w,463,56.3264816,44.0051395
1249380,1249380,1223910,Xiangtan Hunan,China,0.0208,w,464,27.681864,112.626292
1247180,1247180,1207280,Pizhou,China,0.033,w,465,34.3402702,118.0068173
1244980,1244980,1221960,Tiruchirappalli,India,0.0188,w,466,10.804973,78.6870296
1243880,1243880,1240930,Chelyabinsk,Russia,0.0024,w,467,55.1559312,61.401272564351316
1242320,1242320,1226430,Mendoza,Argentina,0.013,w,468,-34.787093049999996,-68.43818677312292
1241150,1241150,1197940,Luohe,China,0.0361,w,469,33.688056,113.913056
1240160,1240160,1183040,Xiongan,China,0.0483,w,470,39.0480479,115.9075331
1239700,1239700,1214780,Chandigarh,India,0.0205,w,471,30.7334421,76.7797143
1239650,1239650,1220600,Merida,Mexico,0.0156,w,472,20.9670759,-89.6237402
1238380,1238380,1215380,Jinzhou,China,0.0189,w,473,41.494444,121.615278
1237550,1237550,1216850,Benxi,China,0.017,w,474,41.2921601,123.7593948
1233580,1233580,1200220,Binzhou,China,0.0278,w,475,37.3821206,117.9647262
1230410,1230410,1188800,Aba,Nigeria,0.035,w,476,5.1128008,7.3651376
1228770,1228770,1213350,Chiang Mai,Thailand,0.0127,w,477,18.7882778,98.9858802
1225590,1225590,1175990,Bazhong,China,0.0422,w,478,31.8689322,106.7416618
1221500,1221500,1190350,Quetta,Pakistan,0.0262,w,479,30.1916569,67.0006542
1221450,1221450,1187400,Kaduna,Nigeria,0.0287,w,480,10.3825318,7.8533226
1218070,1218070,1196840,Guilin,China,0.0177,w,481,25.2779894,110.2910622
1207860,1207860,1171690,Saharanpur,India,0.0309,w,482,29.9856799,77.50406459058038
1205430,1205430,1181190,Hubli-Dharwad,India,0.0205,w,483,15.3518378,75.1379848
1201400,1201400,1169860,Yueqing,China,0.027,w,484,28.1178498,120.9795761
1199460,1199460,1176330,Guwahati,India,0.0197,w,485,26.1805978,91.753943
1196980,1196980,1178480,Mexicali,Mexico,0.0157,w,486,32.6405247,-115.474899
1194760,1194760,1169950,Salem,India,0.0212,w,487,11.64696155,78.21069575456464
1193250,1193250,1162790,Maputo,Mozambique,0.0262,w,488,-25.966213,32.56745
1192440,1192440,1183290,Tripoli,Libya,0.0077,w,489,32.896672,13.1777923
1186480,1186480,1174430,Haifa,Israel,0.0103,w,490,32.8191218,34.9983856
1186230,1186230,1162240,Bandar Lampung,Indonesia,0.0206,w,491,-5.4460713,105.2643742
1185050,1185050,1128650,Bobo-Dioulasso,Burkina Faso,0.05,w,492,11.1765796,-4.2961436
1181820,1181820,1174020,Amsterdam,Netherlands,0.0066,w,493,52.3730796,4.8924534
1181020,1181020,1155070,Shimkent,Kazakhstan,0.0225,w,494,42.3146962,69.5883282
1180680,1180680,1180740,Omsk,Russia,-0.0001,w,495,54.983006700000004,73.37452243916528
1179300,1179300,1161450,Aguascalientes,Mexico,0.0154,w,496,21.9942689,-102.3726689
1176620,1176620,1127200,Hargeysa,Somalia,0.0438,w,497,9.561733,44.061803
1173100,1173100,1166790,Krasnoyarsk,Russia,0.0054,w,498,56.0091173,92.872586
1160840,1160840,1140600,Xinxiang,China,0.0177,w,499,35.308611,114.051111
1159370,1159370,1126250,Siliguri,India,0.0294,w,500,26.7164127,88.4309916
1159260,1159260,1131360,Wenling,China,0.0247,w,501,28.3761941,121.3808408
1154450,1154450,1155730,Samara,Russia,-0.0011,w,502,53.2194648,50.2039316
1150860,1150860,1133630,Zaozhuang,China,0.0152,w,503,32.9184422,116.0676049
1149010,1149010,1143720,Cologne,Germany,0.0046,w,504,50.938361,6.959974
1147970,1147970,1135670,Yongin,South Korea,0.0108,w,505,37.2405741,127.1785572
1146790,1146790,1144800,Ufa,Russia,0.0017,w,506,54.7261409,55.947499
1146340,1146340,1120690,Fuyang,China,0.0229,w,507,32.91667,115.8639622
1145220,1145220,1093310,Ikorodu,Nigeria,0.0475,w,508,6.6191233,3.5041271
1143000,1143000,1110820,Bien Hoa,Vietnam,0.029,w,509,10.9509538,106.8226134
1142680,1142680,1118830,Jalandhar,India,0.0213,w,510,31.29223115,75.56788777097373
1142540,1142540,1120680,Panjin,China,0.0195,w,511,41.1796147,122.0524321
1140260,1140260,1112680,Ma'anshan,China,0.0248,w,512,31.6866105,118.5048377
1140170,1140170,1123840,Cuernavaca,Mexico,0.0145,w,513,18.9218274,-99.2342282
1139640,1139640,1138850,Rostov-on-Don,Russia,0.0007,w,514,47.2216548,39.7096061
1135340,1135340,1116300,Chihuahua,Mexico,0.0171,w,515,28.5000001,-106.0000001
1131720,1131720,1100270,Fuzhou Jiangxi,China,0.0286,w,516,27.9511188,116.3530413
1131230,1131230,1077110,Tshikapa,DR Congo,0.0502,w,517,-6.4230495,20.7887691
1130890,1130890,1106740,Shangrao,China,0.0218,w,518,28.4582821,117.9381305
1128180,1128180,1100320,Samarinda,Indonesia,0.0253,w,519,-0.5017804,117.1393089
1127720,1127720,1104740,Bishkek,Kyrgyzstan,0.0208,w,520,42.8777895,74.6066926
1127600,1127600,1103200,Zhaoqing,China,0.0221,w,521,23.0501661,112.4603629
1123380,1123380,1116050,San Salvador,El Salvador,0.0066,w,522,13.6989939,-89.1914249
1122040,1122040,1078630,Yichun Jiangxi,China,0.0402,w,523,28.3803015,115.0153957
1119790,1119790,1084970,Chenzhou,China,0.0321,w,524,25.7733598,113.0094337
1119530,1119530,1077930,Sekondi Takoradi,Ghana,0.0386,w,525,4.927456,-1.7490216
1116500,1116500,1087410,Leshan,China,0.0268,w,526,29.5851296,103.747791
1116190,1116190,1079670,Aden,Yemen,0.0338,w,527,12.789585,45.028504
1114080,1114080,1105280,Goyang,South Korea,0.008,w,528,37.6581862,126.8319452
1113330,1113330,1096940,Diyarbakir,Turkey,0.0149,w,529,37.9162222,40.2363542
1111750,1111750,1072670,Asmara,Eritrea,0.0364,w,530,15.3389667,38.9326763
1108360,1108360,1080680,Dezhou,China,0.0256,w,531,37.4363704,116.3534091
1108070,1108070,1089890,Jingzhou Hubei,China,0.0167,w,532,30.3375612,112.2337264
1107120,1107120,1094510,Managua,Nicaragua,0.0115,w,533,12.1544035,-86.2737642
1107000,1107000,1086210,Johor Bahru,Malaysia,0.0191,w,534,1.4581986,103.7649059
1101610,1101610,1084620,Kermanshah,Iran,0.0157,w,535,34.486732,46.80872698861859
1101310,1101310,1056950,Nyala,Sudan,0.042,w,536,12.2809691,24.7741672
1100870,1100870,1085990,Oslo,Norway,0.0137,w,537,59.9133301,10.7389701
1100390,1100390,1074880,Kirkuk,Iraq,0.0237,w,538,35.4719308,44.3953896
1097540,1097540,1094810,Yerevan,Armenia,0.0025,w,539,40.1777112,44.5126233
1096460,1096460,1087600,Cartagena,Colombia,0.0081,w,540,10.4265566,-75.5441671
1093690,1093690,1059900,Changshu,China,0.0319,w,541,31.6572954,120.7480757
1091810,1091810,1067650,Huzhou,China,0.0226,w,542,30.8942995,120.0851114
1091740,1091740,1063880,Xuchang,China,0.0262,w,543,34.0457133,113.8225908
1088130,1088130,1070320,Solapur,India,0.0166,w,544,17.84990665,75.27632027348457
1085200,1085200,1079120,Lille,France,0.0056,w,545,50.6365654,3.0635282
1084820,1084820,1069400,Mersin,Turkey,0.0144,w,546,36.7978381,34.6298391
1084470,1084470,1082240,Tbilisi,Georgia,0.0021,w,547,41.6934591,44.8014495
1084120,1084120,1081770,Perm,Russia,0.0022,w,548,58.014965,56.246723
1083720,1083720,1080810,Voronezh,Russia,0.0027,w,549,51.6605982,39.2005858
1075240,1075240,1053040,Denpasar,Indonesia,0.0211,w,550,-8.6524973,115.2191175
1070750,1070750,1060460,Toulouse,France,0.0097,w,551,43.6044622,1.4442469
1070620,1070620,1030970,Blantyre-Limbe,Malawi,0.0385,w,552,-15.8040824,35.0394839
1070120,1070120,1056990,Aracaju,Brazil,0.0124,w,553,-10.9162061,-37.0774655
1067170,1067170,1049690,Marrakech,Morocco,0.0167,w,554,31.6258257,-7.9891608
1066900,1066900,1038960,Qujing,China,0.0269,w,555,25.719931,103.986131
1064170,1064170,1048890,Yueyang,China,0.0146,w,556,29.060703,113.348653
1063710,1063710,1030500,Ilorin,Nigeria,0.0322,w,557,8.4963657,4.5480484
1062570,1062570,1047250,Tampico,Mexico,0.0146,w,558,22.2157619,-97.8577713
1061090,1061090,1057220,Antwerp,Belgium,0.0037,w,559,51.2211097,4.3997081
1059660,1059660,1050460,Teresina,Brazil,0.0088,w,560,-5.0874608,-42.8049571
1055920,1055920,1020400,Guiping,China,0.0348,w,561,23.3916357,110.074064
1055600,1055600,1031090,Warangal,India,0.0238,w,562,17.9820644,79.5970954
1055370,1055370,1054440,Changwon,South Korea,0.0009,w,563,35.227956,128.6818586
1052850,1052850,1033640,Padang,Indonesia,0.0186,w,564,-0.9247587,100.3632561
1050320,1050320,1034130,Saltillo,Mexico,0.0157,w,565,25.4230425,-100.9927509
1049490,1049490,1023760,Xintai,China,0.0251,w,566,35.9094557,117.7620286
1045000,1045000,1022600,Cancun,Mexico,0.0219,w,567,21.1527467,-86.8425761
1042610,1042610,1024940,Cebu City,Philippines,0.0172,w,568,10.2935639,123.9019209
1039230,1039230,1026770,San Miguel de Tucuman,Argentina,0.0121,w,569,-26.8303703,-65.2038133
1034500,1034500,995747,Hamah,Syria,0.0389,w,570,35.1343368,36.7496276
1032770,1032770,1018980,Acapulco de Juarez,Mexico,0.0135,w,571,16.8680495,-99.8940182
1031420,1031420,986921,Warri,Nigeria,0.0451,w,572,5.5186186,5.7480196
1025510,1025510,1013240,Kayseri,Turkey,0.0121,w,573,38.7219011,35.4873214
1024520,1024520,993097,Chengde,China,0.0316,w,574,40.7721353,118.163919
1022920,1022920,983352,Owerri,Nigeria,0.0402,w,575,5.489736,7.0341973
1021920,1021920,1018010,Rotterdam,Netherlands,0.0038,w,576,51.9244424,4.47775
1021580,1021580,999721,Pingxiang Jiangxi,China,0.0219,w,577,27.5440835,113.9513109
1019600,1019600,991208,Zhucheng,China,0.0286,w,578,35.9957253,119.4041185
1017780,1017780,1005010,Songkhla,Thailand,0.0127,w,579,6.8790221,100.5498542
1016580,1016580,1008600,Valparaiso,Chile,0.0079,w,580,-32.5976089,-70.8529753
1016400,1016400,991876,Dehradun,India,0.0247,w,581,30.49981565,77.86254573947093
1013670,1013670,1000950,Nonthaburi,Thailand,0.0127,w,582,13.8610918,100.3456772
1013190,1013190,978327,Leiyang,China,0.0356,w,583,26.4255243,112.8545783
1012790,1012790,986899,Dushanbe,Tajikistan,0.0262,w,584,38.585694700000005,68.7603746751885
1012580,1012580,969322,Nampula,Mozambique,0.0446,w,585,-14.966969,39.2707752
1011120,1011120,984193,Misratah,Libya,0.0274,w,586,32.3745923,15.0905803
1010550,1010550,1001160,Krasnodar,Russia,0.0094,w,587,45.0351532,38.9772396
1009730,1009730,986248,Laiwu,China,0.0238,w,588,36.2150252,117.6698329
1009590,1009590,1000480,Bordeaux,France,0.0091,w,589,44.841225,-0.5800364
1008990,1008990,993175,Jixi Heilongjiang,China,0.0159,w,590,45.2928513,130.9619259
1008220,1008220,982021,San Pedro Sula,Honduras,0.0267,w,591,15.5062156,-88.0248937
1007600,1007600,1007720,Odesa,Ukraine,-0.0001,w,592,46.4843023,30.7322878
1004250,1004250,982777,Jiujiang,China,0.0218,w,593,29.388607,115.3820227
1003020,1003020,958548,Lubango,Angola,0.0464,w,594,-14.9195617,13.4897509
1002460,1002460,988744,Morelia,Mexico,0.0139,w,595,19.7027116,-101.1923818
1001160,1001160,970129,Jos,Nigeria,0.032,w,596,9.9175125,8.8979401
999374,999374,964291,Sylhet,Bangladesh,0.0364,w,597,24.89922,91.8685271
998146,998146,979248,Agadir,Morocco,0.0193,w,598,30.4205162,-9.5838532
997164,997164,985843,Jacksonville,United States,0.0115,us,599,30.3321838,-81.655651
996756,996756,978468,Fort Worth,United States,0.0187,us,600,32.753177,-97.3327459
993352,993352,995078,Volgograd,Russia,-0.0017,w,601,48.7081906,44.5153353
992414,992414,975348,Mudanjiang,China,0.0175,w,602,44.635006,130.013384
990310,990310,967428,Guigang,China,0.0237,w,603,23.3594346,110.0412939
987814,987814,958487,Najaf,Iraq,0.0306,w,604,32.0010227,44.3299926
985965,985965,958335,Bangui,Central African Republic,0.0288,w,605,4.3635118,18.5835913
984567,984567,979882,Austin,United States,0.0048,us,606,30.2711286,-97.7436995
983707,983707,961991,Rajshahi,Bangladesh,0.0226,w,607,24.6285432,89.0376862
983694,983694,955663,Hengshui,China,0.0293,w,608,37.7364305,115.6677229
983097,983097,969804,Jerusalem,Israel,0.0137,w,609,31.7788242,35.2257626
980054,980054,955519,Zhangzhou,China,0.0257,w,610,24.5164639,117.6424895
979303,979303,952278,Xinyu,China,0.0284,w,611,27.853572,114.8867147
978614,978614,951822,Linfen,China,0.0281,w,612,36.229963,111.381767
978317,978317,953768,Tianmen,China,0.0257,w,613,30.6659683,113.1605599
978202,978202,964266,Ciudad Guayana,Venezuela,0.0145,w,614,8.3223763,-62.6896622
977081,977081,960349,Zamboanga City,Philippines,0.0174,w,615,6.9046909,122.076462
976606,976606,956079,Yangjiang,China,0.0215,w,616,22.0958223,111.7831393
974518,974518,940600,Taiz,Yemen,0.0361,w,617,13.5752242,44.0215268
972485,972485,963045,Cucuta,Colombia,0.0098,w,618,7.8971458,-72.5080387
971296,971296,958998,Arequipa,Peru,0.0128,w,619,-16.3988667,-71.5369607
970907,970907,936997,Liling,China,0.0362,w,620,27.6528937,113.4354686
968288,968288,946653,Antipolo,Philippines,0.0229,w,621,14.5871972,121.1759246
968070,968070,955226,Veracruz,Mexico,0.0134,w,622,19.333333,-96.666667
967627,967627,951417,Reynosa,Mexico,0.017,w,623,26.0907673,-98.2788191
965483,965483,955104,Khulna,Bangladesh,0.0109,w,624,22.9372087,89.2852741
963160,963160,939166,Deyang,China,0.0255,w,625,27.5817305,89.0920666
962126,962126,950048,Pathum Thani,Thailand,0.0127,w,626,14.048667,100.5640405
959784,959784,944465,Bengbu,China,0.0162,w,627,30.7904211,93.1447641
959250,959250,933395,Jiangyin,China,0.0277,w,628,31.9215518,120.2808847
959202,959202,951531,Southampton,United Kingdom,0.0081,w,629,50.9025349,-1.404189
958118,958118,943530,Villahermosa,Mexico,0.0155,w,630,17.9884657,-92.9366326
956976,956976,927532,Baishan,China,0.0317,w,631,41.9369269,126.4184919
956433,956433,969655,San Jose,United States,-0.0136,us,632,37.3361663,-121.890591
951808,951808,948149,Nice,France,0.0039,w,633,43.7009358,7.2683912
950768,950768,935947,Oran,Algeria,0.0158,w,634,35.7044415,-0.6502981
947734,947734,934341,West Rand,South Africa,0.0143,w,635,-26.223139,27.513101682026473
947634,947634,904676,Cabinda,Angola,0.0475,w,636,-5.056395,12.3211749
947460,947460,904139,Umuahia,Nigeria,0.0479,w,637,5.5324032,7.4924165
944877,944877,905814,Bogra,Bangladesh,0.0431,w,638,24.8500662,89.3728431
944812,944812,919654,Bahawalpur,Pakistan,0.0274,w,639,29.394644,71.6638747
942159,942159,941508,Seongnam,South Korea,0.0007,w,640,37.4201556,127.1262092
940205,940205,918324,Guntur,India,0.0238,w,641,16.2915189,80.4541588
936766,936766,941586,Dnipro,Ukraine,-0.0051,w,642,51.9191343,30.8243039
934936,934936,926095,Campo Grande,Brazil,0.0095,w,643,-20.4640173,-54.6162947
933392,933392,919443,Malang,Indonesia,0.0152,w,644,-7.9771308,112.6340265
932892,932892,922425,Londrina,Brazil,0.0113,w,645,-23.3112878,-51.1595023
932648,932648,917936,Dandong,China,0.016,w,646,40.5791477,124.4407146
930620,930620,910743,Changzhi,China,0.0218,w,647,36.1830167,113.0992929
929961,929961,915060,Hermosillo,Mexico,0.0163,w,648,28.96893455,-111.44731686054334
924670,924670,906581,Bhiwandi,India,0.02,w,649,19.3025562,73.0588072
923715,923715,914036,La Plata,Argentina,0.0106,w,650,-34.9206797,-57.9537638
923164,923164,911311,Charlotte,United States,0.013,us,651,35.2272086,-80.8430827
922871,922871,917032,Liverpool,United Kingdom,0.0064,w,652,53.4071991,-2.99168
921601,921601,902353,Ashgabat,Turkmenistan,0.0213,w,653,37.9404648,58.3823487
920916,920916,911862,Concepcion,Chile,0.0099,w,654,-36.8270698,-73.0502064
919280,919280,897983,Puducherry,India,0.0237,w,655,10.91564885,79.80694879844232
919026,919026,898338,Changde,China,0.023,w,656,29.034552,111.6928724
918675,918675,913376,Bergamo,Italy,0.0058,w,657,45.756655699999996,9.754219200862249
918218,918218,894388,Firozabad,India,0.0266,w,658,27.178397150000002,78.38936471833091
917639,917639,896716,Erbil,Iraq,0.0233,w,659,36.1911744,44.0094145
916862,916862,903815,Tyumen,Russia,0.0144,w,660,57.153534,65.542274
916632,916632,903896,Trujillo,Peru,0.0141,w,661,-8.1116778,-79.0287742
916238,916238,900692,Liaoyang,China,0.0173,w,662,41.2055415,123.0889656
915823,915823,895111,Shangqiu,China,0.0231,w,663,34.4168215,115.6507447
915427,915427,913175,Columbus,United States,0.0025,us,664,39.9622601,-83.0007065
914300,914300,912734,Ulsan,South Korea,0.0017,w,665,35.5391697,129.3119136
913075,913075,897694,Tuxtla Gutierrez,Mexico,0.0171,w,666,16.753801,-93.115959
906765,906765,875496,Kuerle,China,0.0357,w,667,0.0,0.0
905868,905868,892254,Soshanguve,South Africa,0.0153,w,668,-25.5263889,28.0994444
904070,904070,886381,Xingtai,China,0.02,w,669,37.0616519,114.499746
903910,903910,888620,Culiacan,Mexico,0.0172,w,670,24.7978965,-107.393395
902621,902621,871457,Quzhou,China,0.0358,w,671,36.7698986,114.9585243
901820,901820,870465,Cherthala,India,0.036,w,672,9.740204,76.33246715541219
893107,893107,876930,Huangshi,China,0.0184,w,673,30.2024971,115.0334144
889767,889767,876131,Fuxin,China,0.0156,w,674,42.0151733,121.6452868
885882,885882,839046,Lokoja,Nigeria,0.0558,w,675,7.802355,6.7430327
884753,884753,872438,Hufuf-Mubarraz,Saudi Arabia,0.0141,w,676,0.0,0.0
883920,883920,869773,Libreville,Gabon,0.0163,w,677,0.4086518,9.4418849
883326,883326,860522,Yongzhou,China,0.0265,w,678,25.781344,111.6979977
882986,882986,861978,Xinghua,China,0.0244,w,679,32.9139151,119.8476035
882209,882209,887716,Donetsk,Ukraine,-0.0062,w,680,48.0158753,37.8013407
881480,881480,864910,Yibin,China,0.0192,w,681,28.58689,104.718661
876665,876665,879293,Indianapolis,United States,-0.003,us,682,39.7683331,-86.1583502
875552,875552,846560,Enugu,Nigeria,0.0342,w,683,6.5536094,7.4143061
875392,875392,869625,Tainan,Taiwan,0.0066,w,684,22.9912348,120.184982
873268,873268,855191,Xinyang,China,0.0211,w,685,32.075,114.853333
872424,872424,857225,Ipoh,Malaysia,0.0177,w,686,4.6471782,101.18842590777567
870714,870714,857683,Luzhou,China,0.0152,w,687,28.5297899,105.5382725
870502,870502,859209,Banghazi,Libya,0.0131,w,688,0.0,0.0
870201,870201,844747,Maiduguri,Nigeria,0.0301,w,689,11.8395375,13.1536214
869585,869585,851630,Yangquan,China,0.0211,w,690,37.8568575,113.5739616
869575,869575,843754,Huaihua,China,0.0306,w,691,27.5611227,109.963365
869479,869479,849580,Xiaogan,China,0.0234,w,692,31.176413,113.922434
858672,858672,837479,Tianshui,China,0.0253,w,693,34.5797531,105.7062921
856339,856339,812090,Bunia,DR Congo,0.0545,w,694,1.5620529,30.2478844
854946,854946,830125,Bozhou,China,0.0299,w,695,33.8490794,115.7730968
853635,853635,818628,Kottayam,India,0.0428,w,696,9.6287383,76.64553257390992
852608,852608,834782,Zhuji,China,0.0214,w,697,29.7296617,120.1805427
851399,851399,826414,Kunshan,China,0.0302,w,698,31.3869323,120.9764683
851061,851061,844249,Quebec City,Canada,0.0081,w,699,46.8137431,-71.2084061
850233,850233,849687,Palermo,Italy,0.0006,w,700,38.1112268,13.3524434
849251,849251,841108,Winnipeg,Canada,0.0097,w,701,49.8955367,-97.1384584
848443,848443,835900,Orumiyeh,Iran,0.015,w,702,37.548341,45.0667111
848002,848002,834065,Eskisehir,Turkey,0.0167,w,703,39.7743941,30.519116
843207,843207,809468,Benguela,Angola,0.0417,w,704,-12.9104657,14.0356608
841928,841928,818057,Jincheng,China,0.0292,w,705,35.4913132,112.8454497
839770,839770,838301,Valencia,Spain,0.0018,w,706,39.4697065,-0.3763353
838928,838928,826777,Heze,China,0.0147,w,707,35.2313038,115.5019149
837687,837687,838377,Saratov,Russia,-0.0008,w,708,51.530018,46.034683
837660,837660,816293,Nellore,India,0.0262,w,709,14.4493717,79.9873763
836344,836344,821132,Huludao,China,0.0185,w,710,40.7515443,120.8404789
835850,835850,800010,Zanzibar,Tanzania,0.0448,w,711,-6.1664908,39.2074312
835805,835805,825581,Barcelona Puerto La Cruz,Venezuela,0.0124,w,712,10.1824332,-64.65890931552318
835802,835802,818566,Bikaner,India,0.0211,w,713,28.0159286,73.3171367
834639,834639,821192,Haicheng,China,0.0164,w,714,40.8522995,122.7477959
831360,831360,813394,Gebze,Turkey,0.0221,w,715,40.8006696,29.431767
830623,830623,811451,Taixing,China,0.0236,w,716,32.1738588,120.0466771
830004,830004,813369,Liaocheng,China,0.0205,w,717,36.4441808,115.9642007
829361,829361,804537,Zhumadian,China,0.0309,w,718,33.0115818,114.0164565
828712,828712,823431,Newcastle upon Tyne,United Kingdom,0.0064,w,719,54.9738474,-1.6131572
827967,827967,807833,Langfang,China,0.0249,w,720,39.5302055,116.6926134
826919,826919,826981,Bucheon,South Korea,-0.0001,w,721,37.5014422,126.7660139
823199,823199,800793,Sulaimaniya,Iraq,0.028,w,722,35.5570501,45.4425963
822863,822863,811041,Xalapa,Mexico,0.0146,w,723,19.5408338,-96.9146374
822471,822471,783243,Malanje,Angola,0.0501,w,724,-9.535332,16.9364293
821765,821765,791931,Anqiu,China,0.0377,w,725,36.4794705,119.2129818
821435,821435,813320,Sorocaba,Brazil,0.01,w,726,-23.5003451,-47.4582864
821154,821154,797964,Gaomi,China,0.0291,w,727,36.3654065,119.8005385
820886,820886,802600,Dasmarinas,Philippines,0.0228,w,728,14.3270819,120.9370871
820297,820297,803194,Cagayan de Oro City,Philippines,0.0213,w,729,8.4810956,124.645052
818761,818761,795835,Hanchuan,China,0.0288,w,730,30.6562575,113.8329583
818037,818037,796756,Meishan,China,0.0267,w,731,30.079061,103.8458201
816848,816848,814332,Bologna,Italy,0.0031,w,732,44.4938203,11.3426327
815869,815869,798382,Ar-Rayyan,Qatar,0.0219,w,733,24.9304741,50.9776887766882
814980,814980,814524,Thessaloniki,Greece,0.0006,w,734,40.6403167,22.9352716
814491,814491,791214,Muzaffarnagar,India,0.0294,w,735,29.44969785,77.74293325807088
813379,813379,786192,Kayamkulam,India,0.0346,w,736,9.1723603,76.500061
813078,813078,806757,Nottingham,United Kingdom,0.0078,w,737,52.9534193,-1.1496461
811446,811446,801853,Nakhon Ratchasima,Thailand,0.012,w,738,14.9747339,102.0981161
810450,810450,789755,Danyang,China,0.0262,w,739,32.0109736,119.6012702
810149,810149,771514,Ibb,Yemen,0.0501,w,740,14.1419291,44.1389849
808263,808263,792620,Amravati,India,0.0197,w,741,21.15454115,77.64429617998744
808079,808079,796509,Jiaozuo,China,0.0145,w,742,35.1375,113.143889
802900,802900,793927,Vereeniging,South Africa,0.0113,w,743,-26.6747222,27.9261111
801634,801634,788276,Gorakhpur,India,0.0169,w,744,26.6677977,83.364233378331
800636,800636,778187,Gaza,Palestine,0.0288,w,745,31.5128679,34.4581358
800529,800529,796437,Frankfurt,Germany,0.0051,w,746,50.1106444,8.6820917
795987,795987,779535,Anqing,China,0.0211,w,747,30.6592336,116.6302585
795916,795916,797865,Niigata,Japan,-0.0024,w,748,37.6452283,138.7669125
795808,795808,771515,Oshogbo,Nigeria,0.0315,w,749,7.7791666,4.5538891
795777,795777,776076,Linhai,China,0.0254,w,750,28.8616886,121.1402223
794279,794279,784230,Shaoguan,China,0.0128,w,751,24.8309489,113.8155263
794143,794143,774321,Erduosi-Ordoss,China,0.0256,w,752,0.0,0.0
793545,793545,760129,Merca,Somalia,0.044,w,753,1.6530383,44.775966682523844
792925,792925,778280,Bur Sa'id,Egypt,0.0188,w,754,31.1821275,32.37258196500135
792350,792350,762981,Kitwe,Zambia,0.0385,w,755,-12.8104186,28.2068361
791839,791839,767188,Yan'an,China,0.0321,w,756,36.602796,109.4873978
789558,789558,775559,Cuttack,India,0.0181,w,757,20.4686,85.8792
788478,788478,808988,San Francisco,United States,-0.0253,us,758,37.7792588,-122.4193286
786843,786843,781047,Hamilton,Canada,0.0074,w,759,43.2560802,-79.8728583
786197,786197,766007,Zaria,Nigeria,0.0264,w,760,11.1134917,7.7188449
785125,785125,770959,Banjarmasin,Indonesia,0.0184,w,761,-3.3247398500000003,114.59750526571096
783041,783041,759150,Dengzhou,China,0.0315,w,762,32.6880537,112.0818901
783020,783020,767161,Belgaum,India,0.0207,w,763,15.8572666,74.5069343
781925,781925,764628,Malegaon,India,0.0226,w,764,20.2585033,76.97657401490227
781875,781875,744247,Goma,DR Congo,0.0506,w,765,-1.6665685,29.225652
779684,779684,768075,Zigong,China,0.0151,w,766,29.3419256,104.7761224
778628,778628,766782,Qingyuan,China,0.0154,w,767,23.6832984,113.0505994
777193,777193,754711,Yuncheng,China,0.0298,w,768,35.218039,111.053715
776404,776404,761169,Shaoyang,China,0.02,w,769,27.2431609,111.4624572
775672,775672,757224,Yanji,China,0.0244,w,770,43.0718986,129.3755747
775455,775455,752744,Tirupati,India,0.0302,w,771,13.6282907,79.4195276
775097,775097,758185,Maturin,Venezuela,0.0223,w,772,9.7422774,-63.1888854
774356,774356,750102,Yuxi,China,0.0323,w,773,24.3511487,102.527044
773141,773141,744371,Akure,Nigeria,0.0387,w,774,7.2525595,5.1932647
772756,772756,756158,Tongliao,China,0.022,w,775,43.6151762,122.2601035
770962,770962,753325,Sialkot,Pakistan,0.0234,w,776,32.4935378,74.5411575
770032,770032,752916,Tongling,China,0.0227,w,777,30.9057603,117.6141351
769396,769396,769417,Krakow,Poland,0.0,w,778,50.0469432,19.997153435836697
768822,768822,766703,Ansan,South Korea,0.0028,w,779,37.3217152,126.8308604
768512,768512,751679,Wuzhou,China,0.0224,w,780,23.5715402,111.0139268
767532,767532,748257,Dazhou,China,0.0258,w,781,31.345115,107.650683
765887,765887,750097,Suining Sichuan,China,0.0211,w,782,30.5061493,105.574542
763312,763312,749073,Mangalore,India,0.019,w,783,12.8698101,74.8430082
761903,761903,749763,Jiamusi,China,0.0162,w,784,47.02157,132.044137
759915,759915,755078,Seattle,United States,0.0064,us,785,47.6038321,-122.330062
759157,759157,734699,Al-Hudaydah,Yemen,0.0333,w,786,15.1159326,42.844785
757915,757915,741818,Sargodha,Pakistan,0.0217,w,787,32.0889657,72.6776943
757823,757823,722836,Nay Pyi Taw,Myanmar,0.0484,w,788,19.7540045,96.1344976
757506,757506,729768,Tamale,Ghana,0.038,w,789,9.4051992,-0.8423986
757137,757137,749188,Sao Jose dos Campos,Brazil,0.0106,w,790,-23.1867782,-45.8854538
757035,757035,739682,Bacoor,Philippines,0.0235,w,791,14.458816,120.959579
756344,756344,738200,Dongtai,China,0.0246,w,792,32.8536216,120.3122464
755752,755752,733810,Zhangjiagang,China,0.0299,w,793,31.8782976,120.5514595
755577,755577,738552,Nanded Waghala,India,0.0231,w,794,19.169335,77.311013
754446,754446,743491,Xianyang Shaanxi,China,0.0147,w,795,34.3323227,108.7128495
753708,753708,729276,Amara,Iraq,0.0335,w,796,31.8497708,47.1496466
753392,753392,748428,Zarqa,Jordan,0.0066,w,797,32.0668425,36.0885771
751493,751493,737128,Bhavnagar,India,0.0195,w,798,21.7718836,72.1416449
751303,751303,745876,Sheffield,United Kingdom,0.0073,w,799,53.3806626,-1.4702278
751297,751297,727641,Huambo,Angola,0.0325,w,800,-12.6076318,15.7411039
750174,750174,742115,Ribeirao Preto,Brazil,0.0109,w,801,-21.1776315,-47.8100983
750036,750036,738495,Panzhihua,China,0.0156,w,802,26.5860102,101.7179276
